.,-9.42838,-10.82248
HHH,-11.80174,-11.27009
HHI,-11.19991,-12.69735
GEAR,-10.92665,-12.06829
GRANDMA,-9.69117,-10.59783
DISCOVERED,-11.00714,-11.8752
TOMEI,-11.17524,-12.24264
HHA,-9.37831,-10.36172
MALE,-10.86768,-11.99439
STRINGS,-11.13318,-12.88624
REGARDLESS,-11.35443,-12.98437
NEARLY,-9.97541,-10.39352
MALA,-10.2903,-9.86613
HHE,-9.12441,-10.89919
?,0,0
:,-7.15635,-8.04925
EVERYDAY,-9.27939,-10.41943
SMPE,-10.26765,-10.48094
KEMANA,-9.78889,-9.78024
MALU,-10.25047,-10.82885
SMITH,-10.55954,-12.08714
RUSAK,-11.57872,-10.40161
HII,-10.16823,-12.57939
"""",-10.63779,-11.47302
...,0,0
!,-11.11894,-12.63613
!?,-9.02758,-9.54242
GEWEEST,-10.95746,-12.31854
CEWE,-10.40115,-11.15179
TEND,-11.32026,-12.66322
PASTA,-10.23262,-11.58728
KIKI,-11.13973,-12.33908
BEBE,-10.24318,-10.6224
SUBJECT,-11.24437,-12.02812
PALING,-9.15065,-10.10446
$10 ,-11.77732,-13.35487
&&,-8.92264,-10.41567
8:30,-11.59249,-11.77893
ALLOWED,-10.58013,-10.64804
SMLM,-11.17761,-11.4781
COURSEWORK,-11.42946,-11.10342
SOURCE,-11.37255,-12.63987
MISSS,-11.10976,-10.58689
EMPIEZA,-11.30421,-12.17591
TEGA,-12.25574,-10.54069
3RD,-9.85651,-10.84769
ALLES,-10.22704,-11.16626
ALLEN,-11.30841,-12.31632
CEMBURU,-11.39521,-11.26488
'',-9.35393,-10.45326
TCHAU,-10.73836,-11.53789
HMM,-8.42903,-9.29562
WKWKWKWK,-11.03632,-11.67548
AUTO,-10.28104,-11.20628
FOTONYA,-10.93745,-12.41951
HMU,-10.27002,-12.55712
CINNAMON,-10.98531,-12.59874
KIJKEN,-9.08615,-11.0294
VANDAAG,-9.52124,-10.436
PAAR,-10.99511,-12.42153
NGAK,-11.77647,-11.83831
CLOCK,-10.90627,-11.30979
MARI,-9.09311,-11.20457
PUASA,-10.69657,-11.8793
$$,-11.50105,-11.99413
MARK,-9.9435,-11.13034
KMREN,-10.72459,-10.87125
MARA,-11.2123,-11.84474
SENDIRI,-9.19878,-9.61168
PUMPED,-10.43797,-12.81245
MARY,-10.53431,-11.87516
DITTO,-10.92667,-12.16614
KETEMUAN,-11.50252,-12.05221
NATUURLIJK,-11.11367,-13.17167
NUGGETS,-11.40107,-12.58594
MARS,-9.89376,-11.28147
KING,-9.27155,-10.85821
MASI,-10.08622,-10.15786
LOVIN,-9.89998,-12.49187
BERAPA,-9.62682,-10.7864
MASK,-11.24255,-12.65511
MENDINGAN,-11.00839,-11.94881
MASA,-9.30588,-9.2986
GANAR,-11.14322,-11.97404
BEAN,-10.99906,-12.40169
GELIJK,-11.56841,-12.53021
GANAS,-9.8655,-9.7073
LARGE,-10.82626,-11.8111
BEAR,-10.04928,-11.01259
BEAT,-8.98477,-10.39488
JALAN2,-10.55011,-11.15965
MASS,-10.40189,-11.56019
TITLE,-10.5923,-12.06179
MATT,-9.93874,-11.26571
JUEVES,-11.09602,-11.6267
JULY,-10.27717,-11.33828
ESPERO,-8.81386,-10.05059
BRINGS,-10.26476,-11.85948
KICK,-9.51749,-10.89903
KIDDING,-9.58322,-10.87197
MATE,-8.93312,-10.51789
MATA,-9.6554,-9.54566
ANATOMY,-11.35837,-11.92588
TECH,-10.91631,-11.92059
ROOMMATE,-11.29745,-12.04403
MATH,-9.98992,-10.07356
UFFF,-11.21832,-11.9087
MATI,-10.15787,-9.49608
**,-10.72595,-12.14322
BLOWING,-11.28447,-12.17749
HAT,-9.87528,-11.02746
MAUU,-11.36722,-11.42087
LAUNCH,-10.91147,-12.26739
HAV,-9.94744,-10.59634
HAL,-9.95346,-10.84896
MENDUNG,-11.47853,-11.41332
GAJADI,-12.03403,-10.9852
TWEE,-11.73911,-13.01446
HAM,-10.79738,-12.00751
BERANI,-11.48021,-11.76646
HAA,-10.1174,-11.32827
HAB,-10.69905,-11.6974
DANCING,-9.2087,-10.75621
HAH,-9.2158,-10.01373
KIDS,-8.52807,-9.67537
VISIT,-8.70028,-10.10757
1,-11.00761,-11.8738
ESPERA,-10.74182,-11.92734
JUMP,-10.2781,-11.53055
SOMEWHERE,-9.70138,-10.35475
(@,-11.35053,-12.30901
XDD,-10.90573,-11.72159
ACHA,-11.78573,-12.1512
C'MON,-11.05366,-12.23875
JOINT,-11.50183,-12.81056
YEAHHH,-9.71525,-11.77641
SETELAH,-10.21272,-11.49986
HUSBAND,-9.69717,-10.88859
TEEN,-11.02577,-11.90552
DRINKING,-9.19101,-10.3259
JUNE,-9.83032,-10.79098
NGANTUK,-9.93991,-9.51828
PIECES,-10.94618,-11.79436
((,-11.18684,-11.82492
(),-10.5546,-11.62087
AVOND,-10.79452,-12.1277
PNGEN,-10.94797,-10.36551
JUNK,-11.22041,-12.13191
ELKAAR,-11.74832,-13.08425
BAGUS,-8.69492,-10.34277
KETIDURAN,-11.15933,-10.9812
WONDER,-9.05661,-9.94527
LEUKE,-10.38954,-12.02983
WHEREVER,-11.15591,-12.99097
SOMEBODY,-9.37146,-9.9691
SMGA,-10.5694,-12.38684
)),-10.63584,-11.93178
NUNGGU,-9.75837,-10.21821
VIAJE,-10.49173,-11.0994
MAYA,-11.06352,-12.32702
COOLER,-11.0835,-12.69967
RECIEN,-11.08979,-11.99022
.?,-10.07468,-11.02189
BNYAK,-10.68824,-11.30051
IMPORTANTE,-11.07606,-12.11367
TINGKAT,-11.78122,-11.6057
JUNTO,-11.03771,-11.75727
EARLY,-7.89728,-8.38211
..,-4.53833,-5.33159
MOUNTAIN,-10.87287,-11.98613
KENANGAN,-11.23693,-11.95443
HELAAS,-12.37835,-11.25136
.:,-10.62677,-11.69803
HEN,-11.35894,-12.19175
TOMAR,-9.38443,-10.60455
HES,-9.65246,-10.49063
PETER,-10.71354,-12.0068
IPOD,-9.14236,-9.41762
VAST,-11.15955,-12.59712
TWIT,-9.70458,-10.88829
TWIN,-10.17636,-11.45986
FREAKING,-9.97211,-10.13285
HEY,-6.3779,-8.52206
SIBUK,-9.88472,-10.20419
//,-9.18172,-10.1701
LIKING,-10.18178,-11.36577
HEH,-9.54681,-10.55967
EDUCATION,-11.54587,-12.82383
ANYWAYS,-9.47421,-10.80816
AULA,-10.1332,-10.49427
HEE,-9.69725,-11.27017
16TH,-10.92418,-12.80917
WORLD,-7.39609,-9.13131
HBS,-11.16559,-11.52714
-),-11.95289,-13.30405
-*,-10.34239,-12.02037
HBU,-10.15895,-12.84301
MUERO,-11.31621,-10.47169
AYOOO,-10.28986,-11.22555
HAZ,-11.51784,-11.9768
DACHT,-11.33246,-12.09425
JURO,-11.37665,-11.20148
WORKS,-8.97391,-10.29475
CKCKCK,-10.98582,-11.21929
TEAM,-8.43783,-9.93596
HBD,-9.36424,-13.09631
AUNQ,-11.42583,-11.60175
->,-10.19582,-11.50123
TEAR,-11.16563,-10.95949
PATAH,-11.92889,-11.36944
.!,-8.75604,-10.01604
..,-10.6571,-11.73591
HADIR,-11.21429,-12.87219
TUNE,-10.09645,-12.2372
PHOTO,-9.17449,-10.62949
GRANDE,-10.1277,-11.10325
HAVIN,-10.21399,-11.23244
CHORAR,-13.09843,-11.04243
APART,-10.29481,-10.68741
JOB,-7.94306,-9.21726
HANDSOME,-10.1054,-12.40219
SONG,-7.41397,-9.32786
FUERTE,-11.44322,-11.82459
UHHH,-10.84865,-11.20403
POWER,-9.5101,-10.41291
VALUE,-11.32668,-12.81568
PEOPLE,-6.98183,-8.09795
NETFLIX,-10.74777,-11.99794
NYAA,-10.78836,-11.42993
BINGUNG,-10.58174,-9.99035
PACKED,-10.65133,-11.37565
SONS,-11.44392,-13.05101
BIRTH,-11.0009,-12.60563
DRAWING,-10.73672,-11.93376
CURHAT,-10.50899,-10.89331
JANE,-11.15963,-12.2448
NIHH,-11.27482,-11.25736
SLEEPS,-11.23509,-12.56495
MSUK,-11.24076,-11.60992
JOE,-9.87257,-11.27162
JOH,-11.80548,-12.37067
ASSALAMUALAIKUM,-10.09424,-13.8721
PENSAR,-10.93657,-10.96464
SUDDENLY,-11.11838,-10.74873
SOOO,-7.54148,-8.07521
SOON,-6.96003,-8.01957
JON,-10.73607,-11.89992
SLEEPY,-9.35211,-9.18818
KAPAN2,-11.12896,-12.52003
KABARNYA,-11.19124,-12.86945
POINT,-9.0137,-10.08497
PROPER,-10.45914,-10.94624
IRME,-11.31504,-10.90915
JLN,-10.73937,-11.24874
ORANGE,-9.93376,-11.12779
SEKALI,-9.30477,-9.60436
ZON,-11.01775,-11.99413
DIRIKU,-11.41725,-11.75159
NIAT,-10.99824,-11.3903
NIAN,-11.63591,-11.17165
BEHIND,-9.54372,-10.33912
SOUR,-10.88671,-12.14627
ADELE,-10.44981,-12.39791
TURNING,-10.33214,-10.95028
SOUL,-9.9081,-11.43314
SOUP,-10.01046,-10.84341
ROCKING,-10.70775,-12.76303
LIGHT,-9.37641,-10.61266
BURNING,-11.19753,-11.1715
7:30,-11.48891,-11.76095
1-Feb,-11.60973,-12.29851
Feb-00,-10.69247,-11.73192
BECOMING,-10.92483,-11.7197
SORT,-9.88874,-10.79487
JJF,-10.39348,-10.98535
BNGET,-11.67444,-11.5495
MICHELLE,-10.89729,-12.21214
BUAT,-7.26386,-8.69381
SORI,-11.05549,-11.22427
IRON,-11.11491,-11.72996
NICK,-9.71933,-11.09957
THERES,-9.94212,-10.36942
OVERALL,-10.81506,-12.70831
NICH,-11.27466,-11.57001
CHELSEA,-10.42487,-11.71425
SORY,-10.94986,-11.65151
EXAMEN,-10.98367,-11.16234
JKT,-10.15617,-10.64419
MONEY,-8.51473,-8.94861
VOLTAR,-10.75722,-10.96668
PUBLIC,-10.46061,-11.28999
RELAX,-9.27246,-11.42212
CUSTOMERS,-11.682,-12.5679
ZAG,-11.42376,-12.70691
APPARENTLY,-9.88876,-10.03718
LATEN,-11.53136,-12.39221
WEEK,-7.05059,-7.80862
LATER,-7.58397,-9.06158
WEET,-10.37785,-11.45436
ZAT,-11.87498,-12.55259
BERAKHIR,-11.26256,-12.22175
AHAHAHAHA,-10.95327,-12.16857
TOTALLY,-8.45938,-9.33286
CHEESY,-11.22036,-12.82116
WEEE,-10.49925,-11.97277
TENGA,-11.14999,-11.87885
JAGA,-10.3627,-11.26876
WEED,-10.62771,-12.00647
CHAT,-8.95706,-9.93269
POSTED,-9.55639,-11.07183
ANYWHERE,-10.38878,-10.49718
AIGHT,-10.85506,-12.90426
VALLA,-11.13003,-12.25499
CHEESE,-9.23104,-10.73971
JIM,-10.98821,-12.4947
HEYYY,-9.23585,-11.46813
B'DAY,-9.63959,-13.0594
TUES,-11.0748,-11.67456
HAVNT,-11.46434,-11.38868
SOFA,-10.99889,-12.11183
HAIRCUT,-10.16761,-11.61733
SELASA,-10.85871,-11.39477
EMANG,-8.81867,-9.24469
CIERTO,-10.23158,-11.14735
REHAB,-12.08099,-10.95365
TUBE,-11.44431,-12.07586
BIRTHDAYYY,-10.55434,-14.07422
DIAJAK,-11.07597,-10.74244
TIROL,-11.13841,-12.30798
TENIA,-10.78741,-10.34279
HORSE,-10.82893,-11.67423
JGA,-9.45747,-10.59902
CREER,-11.85211,-11.35572
POSTER,-10.52283,-11.69199
BUDDY,-9.15851,-10.44466
COKLAT,-10.9933,-11.86806
JGN,-8.26212,-8.91709
ZEG,-10.94592,-11.62556
SOFT,-10.56503,-12.02917
THNKS,-10.13674,-13.04743
WEAR,-9.07529,-9.89099
CHEM,-11.53754,-11.5581
JDI,-10.14444,-10.18741
SELAMA,-10.78191,-11.5047
CHEF,-10.73908,-12.4108
CENTRE,-10.95474,-11.89776
P.S.,-10.55702,-12.05938
SOLA,-11.0692,-10.32746
SELALU,-8.75309,-10.12826
SOLD,-10.39894,-9.80961
BARELY,-10.9431,-10.42657
GARGANTA,-12.44559,-10.39916
JAKE,-11.2031,-12.32842
BUSINESS,-9.56888,-10.61162
EMAK,-11.64608,-11.76805
LADIES,-9.07568,-11.21307
LANGGENG,-10.00471,-13.27171
14TH,-11.19329,-12.73708
HHAA,-11.30885,-12.45689
TANGAN,-10.68261,-10.57798
KERUMAH,-10.80073,-11.10342
JET,-11.22726,-12.12683
CENTRO,-10.92148,-11.8546
JEN,-10.74167,-11.87298
PUNCAK,-11.28076,-11.76546
PERFORMANCE,-9.77118,-11.25139
JAY,-10.25323,-11.55536
NEIGHBOR,-11.26078,-11.86375
NOCHES,-8.91527,-11.47673
TAHUN,-8.77381,-10.84956
SEBUAH,-11.08878,-13.08
TSUNAMI,-13.34616,-13.03963
PRECISO,-10.59085,-9.986
SOIR,-11.21818,-12.56474
BOGOR,-10.36979,-11.37562
INVOLVED,-10.8589,-12.28674
BLANKET,-10.99459,-12.00128
JAIL,-11.29891,-11.47975
HEBBEN,-10.14111,-10.94971
CREAM,-8.87764,-10.07715
WERKEN,-10.32852,-10.46698
SUAREZ,-10.67968,-12.32119
MADRID,-9.99559,-11.30832
BINTANG,-10.86995,-12.01722
JAJA,-8.04208,-9.06048
ZIN,-10.14247,-10.41476
MAMAH,-10.88676,-10.89151
BLUNT,-11.09648,-12.63253
JAK,-11.28167,-11.82937
JAM,-7.97782,-8.53895
JAN,-10.6492,-11.30263
SEBENTAR,-10.87266,-11.5559
JAH,-11.00789,-11.43244
NOITE,-8.1453,-10.32159
JAR,-11.52732,-12.29154
JULIA,-11.2326,-12.65823
WISDOM,-11.23785,-11.25332
UNCLE,-10.00122,-10.92148
YYA,-10.9539,-12.70891
AXIS,-11.08628,-12.11971
TONGUE,-11.27934,-11.04162
JULIE,-11.23298,-12.48143
LONDON,-8.91136,-9.85802
MONTH,-8.66665,-9.52803
JAA,-9.93775,-10.8528
MONTE,-11.62772,-12.15041
MACHINE,-10.56323,-11.10096
USING,-9.24771,-10.21894
JESSICA,-10.70894,-12.34645
ANKLE,-11.68274,-10.68088
MULHER,-12.17743,-12.74647
PERIH,-12.77916,-10.9761
BOWLING,-9.88159,-11.63225
JALAN,-8.99507,-9.43323
YELLOW,-10.18874,-11.64261
WOULD'VE,-11.14324,-11.26564
BOXES,-11.52598,-12.27387
ARRIVE,-10.70611,-11.91753
GOING,-6.12724,-6.98902
SMOOTH,-10.90186,-12.82833
OBAMA,-11.60905,-12.95252
APAAN,-9.65981,-10.15668
APAAA,-11.28895,-12.07622
ELSE,-8.5834,-9.36827
SEGUNDA,-11.03162,-11.49019
CANADA,-9.84177,-10.76809
TAHAN,-11.35028,-11.26138
SAYANGG,-11.1,-12.45689
SEGUNDO,-11.30776,-12.01958
PERHAPS,-10.24315,-11.81723
BASKETBALL,-9.44809,-10.76495
2AM,-11.30495,-11.78623
HAHART,-9.55289,-10.35332
JEMPUT,-10.95592,-11.275
AUGUST,-10.72282,-11.83926
TTYL,-10.78641,-12.79769
CLASES,-10.78728,-10.84889
WINGS,-10.02872,-11.58215
COMPRAR,-10.31112,-10.81756
WINDY,-11.42612,-11.49533
OBVIOUS,-11.19813,-12.61278
TAXES,-11.71472,-12.34754
GALING,-10.87135,-13.75225
HANGIN,-11.0473,-12.60485
GRANNY,-11.16467,-11.99504
CUPPA,-11.08208,-12.76313
SITTIN,-11.09338,-11.85295
UNEXPECTED,-11.19292,-12.51961
ULTIMA,-11.53986,-11.4344
KANGEN,-8.76025,-8.01561
SWOLLEN,-12.34408,-10.76868
AVONDJE,-11.55328,-13.71959
EXISTE,-11.4796,-12.01833
PERDI,-11.74858,-9.92542
TEMPTED,-11.50195,-11.87659
THROWING,-11.20044,-11.31782
BERJUANG,-10.99391,-12.8676
ENGGAK,-10.20514,-10.50046
BESTIE,-9.71485,-11.00633
VERGETEN,-12.26759,-11.90971
GRADUATE,-11.23582,-12.01649
DEEEH,-11.5566,-11.9127
LAUNDRY,-10.17022,-10.86072
BISAA,-11.39614,-11.80897
FINDING,-10.11867,-10.86373
CARANYA,-11.34379,-11.41508
TERAKHIR,-10.30782,-10.77315
SLEPT,-9.61986,-9.85611
IYI,-10.13522,-13.87339
IYO,-10.32798,-10.94434
PERDER,-11.61766,-11.27743
IYA,-6.66362,-7.8133
IYE,-10.75945,-11.5458
ALGUEM,-11.12866,-10.64922
?!?!,-10.6566,-10.92585
HADUH,-12.12613,-11.20777
PROCESS,-10.7547,-11.90099
ENGGA,-9.47766,-9.66082
WINTER,-10.16499,-10.77043
PSTI,-10.75001,-11.35029
TIRAR,-11.41474,-11.67226
ELLO,-11.16355,-13.13536
STOCK,-11.16021,-11.5917
COMPREI,-11.37868,-12.7244
SETIA,-10.20574,-12.0093
ITALY,-10.88434,-11.72802
SNDIRI,-11.10218,-11.36233
TOPICS,-11.49669,-12.20035
SARAH,-9.90971,-11.15552
INVITED,-10.66379,-11.11559
JAWA,-11.09943,-12.33474
TOLONG,-9.84312,-10.49889
HISTORIA,-11.12846,-11.84791
DURMI,-11.77138,-12.12844
WRITTEN,-10.62993,-11.67662
WANNEER,-11.69449,-12.6299
SARAN,-11.48548,-13.00262
SARAP,-10.79052,-12.8128
ELLA,-9.66462,-10.20418
LIBURAN,-10.24003,-10.68328
MESES,-10.90283,-11.30499
IT'D,-10.57385,-11.68866
BISMA,-11.03481,-12.1509
AUSTIN,-10.56759,-11.89901
NIGHTMARE,-11.52292,-10.64493
PESSOA,-11.13167,-11.05287
JAVA,-9.91858,-10.51562
PHONE,-7.73598,-8.004
CHILDHOOD,-11.29021,-12.12912
IVE,-9.10932,-9.54578
IMPOSSIBLE,-10.75813,-10.94553
AIRPORT,-9.59987,-10.08695
VOLTEI,-8.83438,-11.43176
JAUH,-9.7955,-10.02476
ITT,-11.21143,-12.56897
MORRENDO,-11.6612,-10.33864
CAMINO,-10.25846,-11.66408
KTEMU,-10.79669,-11.08904
BRAZIL,-10.44111,-11.55665
SOUNDTRACK,-10.99623,-12.77795
UGHHH,-11.47849,-9.68656
YRS,-10.75104,-11.49283
FRIENDSHIP,-10.79346,-12.00525
COSAS,-9.46594,-10.01115
YUK,-8.90941,-9.98408
STARBUCKS,-9.58696,-10.84643
GUTEN,-10.94676,-14.87775
PHOENIX,-11.36767,-12.70282
YUH,-10.63084,-11.91997
ISS,-11.37349,-11.86188
ISO,-11.56146,-11.32067
AFGELOPEN,-12.34854,-11.39643
SEBEL,-12.26538,-10.96529
THANKSS,-9.91913,-13.47839
YUU,-10.42066,-11.64489
SHALAT,-10.63826,-13.31386
YUR,-10.24387,-11.98097
MUSICAL,-10.31276,-11.93538
YUP,-8.41609,-10.35565
DOMINGO,-9.22485,-10.29615
YUN,-10.22036,-11.54835
MUSICAS,-11.70392,-12.46189
YUM,-9.00433,-11.82805
TENTU,-11.21196,-12.66097
GIRLS,-7.73901,-9.41524
UNKNOWN,-11.54291,-12.68304
CAMILA,-11.43089,-11.36275
ONDA,-10.17968,-11.0799
FACTOR,-10.66516,-12.22096
IRI,-11.30079,-10.64959
GIRLY,-10.6943,-12.66196
PERLU,-10.22696,-11.63853
ISI,-10.86961,-11.3344
ISH,-10.33634,-10.76955
NUNGGUIN,-10.93059,-11.20925
MSIH,-10.98188,-11.45206
PENDING,-11.33674,-10.30561
TENSO,-12.4743,-11.76957
ISA,-10.77741,-11.18473
SECURITY,-11.36781,-11.91834
BANANA,-10.18608,-11.79958
WALAUPUN,-10.43498,-11.67861
ATTEND,-11.01852,-11.26868
MEMBUAT,-10.48104,-11.6581
FOKUS,-11.18441,-12.73037
LIHAT,-10.97451,-12.2602
IRE,-10.33212,-10.99276
JAZZ,-9.56251,-10.44726
GALAU,-9.39832,-9.06911
SEDIH,-9.75858,-8.65217
IPS,-11.06266,-12.46684
SINGLE,-8.80783,-10.12238
CONTACT,-10.14397,-10.82432
NEITHER,-10.66469,-10.75963
MUSCLE,-12.07629,-11.67771
SURVIVE,-11.12402,-11.73074
NOISE,-11.23004,-11.78464
ONES,-8.90916,-9.86076
1ST,-8.83055,-10.21797
DOCTOR,-10.26321,-10.28857
RELATED,-10.81276,-11.88379
GAUL,-11.27925,-12.18786
HACIA,-11.08241,-12.09957
MIJN,-9.32305,-9.8662
HASNT,-12.07702,-11.44212
FIXING,-11.41151,-12.30872
MARKS,-11.43661,-11.8828
!!!...,-10.93839,-11.82044
FELL,-9.74513,-9.44579
OJOS,-11.1888,-11.33369
RUSTIG,-11.30259,-12.80054
SPURS,-10.55055,-11.76438
MIKE,-10.06005,-11.31713
BIKIN,-8.92148,-9.23797
USED,-8.67179,-9.27374
ERIN,-11.13356,-12.80741
BSA,-9.64078,-9.63043
SCOTLAND,-11.12014,-11.82154
KECEWA,-11.54378,-10.67405
BSK,-8.82038,-9.35716
BRU,-9.48086,-10.07916
MUMPUNG,-11.46798,-12.7798
SWIMMING,-10.28381,-11.46055
SLAAP,-11.19178,-12.24501
BRP,-9.28971,-10.3174
ERIC,-10.89634,-12.05965
ANSWERED,-11.10643,-12.08053
AMBER,-11.07552,-12.49861
MENDADAK,-11.94296,-11.05726
8PM,-11.43744,-12.4336
MESTI,-10.6704,-10.58911
ROTI,-11.07396,-12.09902
GARY,-11.59138,-12.69876
BUU,-11.58608,-11.33202
MANDEI,-11.2604,-12.28238
ENTIENDO,-11.19449,-10.94818
BUS,-9.07696,-9.42107
BUY,-8.25088,-9.07245
MESSY,-11.31055,-11.95856
ACCORDING,-11.07818,-12.076
DEIXA,-11.21922,-11.02076
NICKI,-10.7146,-12.01456
BUD,-10.47263,-11.88316
WAYS,-10.1525,-11.6188
BUG,-10.60306,-10.97139
BUH,-11.1059,-11.39261
USES,-11.58151,-12.63691
ROSA,-11.37929,-12.47574
BUM,-10.86964,-11.32365
BUN,-10.79182,-11.63454
CHRIST,-11.39031,-12.90097
ROSE,-10.34221,-11.85651
USER,-10.74096,-12.10027
JEITO,-11.6099,-11.67788
NONGOL,-11.50453,-12.21308
BTW,-7.91595,-9.66392
DIBALES,-11.15455,-10.78207
MICKEY,-11.45108,-12.25872
GARA,-11.36618,-10.15214
ROSS,-11.60072,-12.33473
CONTINUES,-11.51124,-12.50715
TEMENIN,-11.16118,-11.17706
WHATS,-8.97962,-9.82326
KONDANGAN,-11.69421,-12.059
CHUCK,-10.53379,-11.43761
UPDATING,-11.03884,-12.03792
BWT,-9.4772,-10.79256
NOMBRE,-10.75188,-11.76823
HIGHER,-10.98551,-12.5315
WAITED,-11.4473,-11.36889
TAYO,-10.51647,-11.89904
TACOS,-10.41384,-11.92231
GRIPE,-12.15085,-10.40906
TXT,-9.6559,-10.45806
HHEHE,-10.76121,-12.47556
BWA,-11.47085,-12.05525
HITTIN,-11.32556,-13.12963
SEJAK,-11.06288,-12.03574
MACBOOK,-10.70994,-11.0719
DMNA,-10.37995,-11.49438
2DAY,-9.66753,-10.33779
TOILET,-11.31012,-11.20242
GUTTED,-11.37088,-9.71423
GAPERNAH,-11.04816,-12.69013
DIANA,-11.36946,-12.51803
COCOK,-10.72946,-12.21397
SELESAI,-9.3277,-10.76754
8TH,-10.88247,-12.21854
BUDDIES,-10.89385,-12.29088
RIGHT,-6.71856,-7.54179
BLIJVEN,-11.729,-12.34231
TWO,-7.83036,-8.73906
PADANG,-10.94442,-11.98289
BISAAA,-11.45752,-11.92344
HASIL,-10.62561,-11.99815
GANO,-11.15099,-11.69902
MICH,-10.6718,-11.8525
USAH,-9.98731,-10.74252
DONGGG,-11.42311,-11.79301
SPIN,-11.30013,-12.69487
PESSOAL,-10.46155,-12.02879
GANG,-10.72274,-11.75735
BYK,-10.09986,-10.6821
LEARNED,-10.08082,-11.56078
TAXI,-11.07726,-11.56776
MANTAN,-10.49287,-11.15367
KUYT,-10.50419,-12.22356
EFFORT,-10.73431,-11.75485
BYE,-8.18191,-9.09624
VIDEOS,-9.1871,-10.48237
APAA,-10.84846,-11.79255
GANA,-11.2732,-12.27016
RELIGION,-11.51947,-12.50422
FELT,-9.32312,-9.86068
APA2,-10.91372,-11.38422
MISTER,-11.01471,-12.60466
MANTAP,-10.31254,-12.5982
CANAL,-11.26294,-11.76356
FEST,-10.79168,-11.5521
NUEVA,-10.38003,-11.92961
JIAH,-11.48737,-12.02417
HERMANO,-10.58596,-11.3173
ERRR,-11.65205,-11.89833
MARCO,-11.26676,-12.58269
MAUNYA,-10.95072,-11.04802
NIGHTTT,-10.95524,-13.37718
CELEBRITY,-10.39094,-12.06685
UGH,-9.57309,-8.05299
BATUK,-11.50526,-10.54647
MARCH,-8.56125,-10.03636
NUEVO,-9.43167,-10.40789
DAQUI,-9.70352,-10.83474
WARNA,-10.88509,-11.43262
LAATSTE,-11.00231,-11.02632
NANGIS,-10.176,-9.4125
UFF,-11.15318,-11.83485
WAITIN,-10.72019,-11.85533
GRILL,-11.07369,-12.86927
ROLA,-11.57531,-12.17009
SWEETS,-10.73256,-11.9974
DEJAR,-11.28727,-11.25418
DEMASIADO,-10.66931,-10.67976
ROLE,-10.20584,-11.55112
FIGURE,-9.81271,-10.58331
SWEETY,-10.82371,-12.76584
FLORIDA,-9.81547,-10.99333
ROLL,-9.47404,-10.80861
DRIVER,-10.71149,-11.5938
ICON,-9.58382,-11.93395
MARET,-9.97128,-11.33903
COUNTING,-10.52943,-11.70768
NATIONAL,-10.6382,-12.12106
SEMANA,-8.82279,-9.5471
UDA,-8.50391,-9.28534
INSTALLED,-11.55416,-12.35138
BUBBLE,-10.47866,-11.80152
GRIND,-10.95492,-12.34993
CKCK,-10.47278,-10.60634
UDH,-7.80127,-8.54803
HERMANA,-10.74987,-11.24298
MARDI,-10.1047,-11.25691
CAM,-10.55959,-11.2916
WASH,-10.25907,-11.07716
ZITTEN,-11.19593,-12.1324
BEASTLY,-9.69033,-11.81752
CAB,-11.21977,-11.78215
SUAMI,-11.32563,-12.18217
SEGURO,-10.46303,-11.39996
TREY,-10.88251,-12.44398
9:30,-11.60166,-12.12554
CAE,-11.34409,-11.92607
GAYA,-10.8631,-11.57065
BEZIG,-11.20088,-12.41998
WARS,-10.68232,-12.03292
NICER,-11.24414,-12.59473
ISNT,-10.34081,-10.03047
WEATHER,-8.43403,-8.96198
TRES,-10.91258,-11.81832
GOMEZ,-11.08643,-12.2537
CAT,-9.46754,-9.85127
CERTO,-10.78055,-11.84329
TREK,-10.63497,-11.37231
CAP,-10.82856,-11.81124
VODKA,-10.46322,-11.67305
TRISTE,-11.2104,-8.71986
TREE,-10.47682,-11.50073
UAS,-9.66549,-10.87452
KAKAK,-8.6179,-10.05333
CORAZON,-10.49648,-11.19705
EXACT,-10.83121,-12.08047
TOUCHED,-11.19927,-12.40083
NORMAL,-9.26177,-10.08969
AUNQUE,-10.241,-10.78987
SPOT,-9.80304,-11.17965
T_T,-10.87519,-10.15996
NATURE,-10.97841,-11.92093
UURTJE,-11.3827,-12.75153
COLOCAR,-11.54488,-12.27986
UDAHAN,-11.72511,-11.74577
MARIO,-10.41704,-11.94447
WATS,-10.37911,-11.35294
ROOT,-11.74134,-12.29243
AMBIL,-10.29629,-10.99109
ROOM,-8.33087,-9.05583
GAVE,-8.94808,-9.91299
MARIA,-10.21049,-11.40789
PARENTS,-9.1455,-9.73583
WAVE,-11.09843,-12.2732
QUESTION,-9.264,-10.6495
CBA,-11.35376,-11.05956
BREATHE,-10.92913,-11.15512
ROOF,-11.47558,-12.04355
FEELIN,-9.78369,-10.21936
TIENES,-9.63509,-10.12298
SEDANG,-10.28536,-11.20461
BBQ,-10.18114,-11.28628
SNACK,-10.79333,-12.19847
SOMEWHAT,-11.43422,-12.64684
TAMO,-11.43503,-12.7173
BBY,-10.06127,-11.06024
TENANG,-9.52666,-10.8522
CASTLE,-11.15909,-12.39848
FOLLOWS,-9.84401,-11.79281
PANCAKES,-9.80121,-11.35698
JADWAL,-11.01046,-11.40943
BBC,-11.19082,-11.98259
BILL,-10.55306,-11.14917
SOMETHING,-7.4985,-8.34405
PALABRAS,-11.11982,-12.10847
DECIDE,-10.27431,-11.20723
SEPERTI,-9.93199,-10.78734
BBM,-8.95178,-9.29314
FAVOURITE,-9.34596,-11.06201
BBL,-10.45364,-12.64075
WAREN,-11.55265,-12.52116
TLG,-11.20864,-12.27841
APPS,-10.62016,-11.55266
THINGS,-7.65704,-8.73331
TMN,-10.37667,-10.95347
JIJI,-10.88227,-12.35016
TMR,-10.2157,-10.54075
EXCELENTE,-9.72546,-12.53136
KMAREN,-11.08878,-11.16658
BEGIN,-9.97932,-11.38028
THINGY,-11.07448,-11.80986
NIKS,-10.61762,-10.55939
TANK,-10.91633,-11.6087
U.U,-10.82464,-10.34794
BCK,-10.59959,-11.66322
CHAMPIONS,-11.354,-13.22452
TMB,-10.22454,-11.03383
TAKE,-7.09575,-8.15079
ADDING,-10.86633,-12.51962
JIKA,-10.51006,-11.98683
BEB,-9.76376,-9.97866
ERRANDS,-11.05439,-12.17011
NIIH,-11.74623,-11.58769
BDG,-10.55137,-11.12772
SPEAKING,-10.28116,-11.53924
TEDDY,-11.09244,-12.15453
RUNNING,-9.11012,-9.85725
DARLING,-9.73581,-11.39044
WAIT,-6.64142,-8.32365
TIX,-10.7056,-11.10026
UPCOMING,-11.03019,-12.79
BEGINNING,-10.27701,-11.12302
BEY,-11.44799,-11.87641
PLAN,-8.62739,-9.86602
BET,-8.8178,-9.99309
WAHH,-10.81194,-10.61659
TKS,-11.04844,-13.99219
TALK,-7.8256,-8.56393
TALL,-10.73527,-11.85856
BEH,-11.03523,-11.33487
MAAFKAN,-11.74792,-11.1151
BEE,-10.27089,-11.21166
9AM,-11.47767,-11.63189
BED,-7.07036,-7.78006
TRAINS,-11.92479,-12.15889
PLAY,-7.80766,-8.7969
KUNG,-10.50206,-11.59142
DARAH,-11.61547,-11.67378
BEL,-10.49194,-11.31798
THN,-10.61764,-11.79165
THO,-7.98772,-8.5753
TELLING,-9.75222,-10.51829
BGD,-11.03776,-10.7822
:)),-7.84945,-9.6761
FESTIVAL,-9.87885,-11.10847
WAKE,-8.64559,-9.12433
BASEBALL,-10.20155,-11.76581
WALA,-10.20261,-10.39471
BREAKFAST,-8.20288,-9.78866
THA,-9.466,-10.68966
TGS,-11.70018,-11.66923
BFF,-9.70545,-10.79683
KENA,-10.38141,-9.96179
ANYTIME,-9.15797,-11.38867
DIAAA,-10.00651,-11.82897
TIP,-10.31834,-12.04811
TIM,-9.87656,-10.99095
TIN,-11.16726,-12.35298
TIS,-10.49151,-11.3279
MENCARI,-11.15914,-12.66657
BIRD,-10.53873,-11.30493
TIE,-10.94299,-12.34684
TIK,-10.68366,-11.4247
THINKS,-9.66716,-10.53449
TREATING,-11.15687,-12.89879
ADDICTED,-10.17993,-11.68973
BGN,-11.18664,-11.75271
BGS,-10.82355,-12.15012
TWEET,-6.93889,-8.27581
BGT,-8.03242,-7.87419
TIA,-10.19969,-11.00895
THT,-9.38122,-10.28946
THX,-7.45155,-10.77338
:'(,-8.97387,-7.82907
STEPHEN,-11.37809,-12.43536
:'),-8.83723,-9.9624
ITEM,-10.96748,-11.51381
BUNDA,-10.87557,-11.6925
NAMAN,-9.34354,-10.31862
HELEMAAL,-10.66667,-10.92375
KEPT,-10.36175,-10.70481
BISA,-7.28831,-7.71069
SHOLAT,-9.54251,-11.83639
BEYONCE,-11.25462,-12.55121
ACCOUNTS,-11.28191,-11.96232
BUNCH,-9.92618,-11.16377
BHS,-11.15237,-12.21462
BIRU,-11.34301,-12.15172
SUBHANALLAH,-11.10283,-12.64432
WANA,-10.55203,-10.55988
COMIENDO,-10.22104,-11.90454
RAINBOW,-10.85079,-12.76407
BELIEVE,-8.33656,-8.77002
DULUAN,-10.90671,-11.41513
WALK,-8.71725,-9.6889
:((,-10.46937,-9.44913
WALL,-9.93437,-10.84251
BITE,-10.59642,-11.59164
MARAH,-10.1775,-9.8645
TGL,-9.66222,-10.49301
SMILEY,-10.56205,-12.82298
BIZ,-10.86008,-12.43285
:'D,-11.20615,-12.4611
NINA,-10.86186,-12.02217
TAHU,-10.49047,-11.51888
NINE,-11.30563,-12.42293
BIT,-7.85683,-8.82628
DOCTORS,-11.60022,-11.03807
BIR,-9.92751,-12.29207
BIO,-9.79319,-10.91721
BIL,-11.43362,-12.1415
FIRST,-7.15768,-8.53431
BITS,-11.02689,-11.99737
TTG,-10.58135,-11.57859
MAGRIB,-10.85168,-12.84826
PICTURES,-9.04482,-10.38979
FODA,-11.22592,-11.25326
BJS,-10.59375,-12.07829
LOOKED,-9.2953,-10.05986
GEZIEN,-11.46318,-12.2843
CUARTO,-11.38168,-11.88156
SCREEN,-10.23564,-10.60426
DAUGHTER,-9.70112,-10.95022
TAVA,-9.43901,-9.60506
:-),-9.10292,-10.76803
TAUN,-10.27616,-11.39494
:-(,-11.43095,-11.06867
TTP,-10.45156,-11.29178
ASKING,-9.3705,-10.76132
SIENTO,-9.92406,-9.04399
PARTIDO,-10.70609,-11.44489
PERJALANAN,-11.21543,-12.27126
MILLIONS,-11.43248,-12.93302
TAUU,-11.68181,-11.8385
:-/,-11.55668,-11.63567
SIENTE,-11.1521,-11.78989
TUB,-11.23054,-12.52503
JOGAR,-10.95326,-11.60165
OKIE,-10.63403,-13.13945
HAPPILY,-11.01245,-13.07537
BKN,-9.80319,-10.49213
TUH,-8.38863,-9.06292
TUK,-10.83029,-11.98325
PROLLY,-10.8217,-11.36164
PARTIES,-10.87218,-11.86987
MONTREAL,-11.28477,-12.14505
NITE,-8.23979,-9.99752
TUS,-9.5699,-10.75086
:-D,-10.48037,-12.18534
TUU,-10.90169,-11.48417
KONSER,-11.21084,-11.63764
BLA,-11.59505,-11.97065
MENTAL,-10.67749,-11.62502
INTERNATIONAL,-10.74809,-12.21766
:-P,-11.12621,-12.33576
BLG,-10.43474,-10.68244
KUYA,-10.67305,-12.45181
BLH,-10.40059,-11.15099
AMINNN,-10.40904,-13.4053
ESCUCHANDO,-10.34182,-12.27597
WAAH,-10.87144,-11.21966
SABI,-11.14773,-12.77048
BLN,-11.18303,-11.64953
BLM,-8.94966,-8.92239
JOKING,-10.67772,-11.91964
CERAH,-10.58018,-12.75799
KECIL,-10.14845,-10.79524
WAAR,-10.54232,-11.25986
TRI,-11.50697,-12.08232
OKEY,-9.62098,-11.67926
BLS,-10.18652,-10.23254
TRS,-10.30974,-10.5012
NIEUWE,-10.09766,-11.63556
GUESS,-7.9031,-8.3973
SAAT,-9.442,-10.27414
SWEEET,-10.72586,-13.11112
COSTA,-11.29958,-12.34787
BLZ,-11.28785,-12.18762
WAAA,-10.67897,-10.17814
TRY,-7.57005,-8.88279
GUEST,-10.72589,-12.40492
CABEZA,-11.11167,-9.83787
NAMES,-10.21158,-11.61011
INDIAN,-10.64347,-12.07042
HASHTAG,-11.08866,-13.0502
WEEKLY,-11.39546,-12.87101
TSK,-11.41217,-11.42559
CHUVA,-10.45148,-9.9577
SACO,-11.75754,-11.06986
NAMED,-10.56624,-12.10073
WASHING,-10.85217,-11.43502
FEAT,-11.01377,-13.40483
YAUDAH,-9.77728,-10.49001
RESPONSE,-10.66928,-11.60926
BERUBAH,-10.91893,-11.07372
TARA,-11.08198,-12.29227
CLASS,-8.27989,-8.94655
CHARLOTTE,-10.77298,-11.7223
TPI,-10.04701,-10.13211
NUESTRA,-11.23955,-12.40592
BNR,-11.02925,-11.33899
LAWAN,-11.03836,-12.08605
WACK,-11.84881,-12.06347
CLASE,-10.74044,-10.97208
LICENSE,-11.21852,-11.89143
BERSAMA,-9.68852,-11.4407
JUICE,-9.56539,-10.8703
FORGOT,-8.98504,-8.84405
NUESTRO,-11.07428,-12.02087
BOI,-11.1459,-12.47701
BOB,-10.23169,-11.45428
CERCA,-11.47476,-11.85751
BOA,-7.62566,-10.3522
SAIU,-12.24408,-11.07589
URGH,-12.3532,-10.74592
BOW,-10.89541,-12.43164
BOX,-9.62835,-10.49433
BUNNY,-10.82617,-11.54265
BOY,-8.09219,-9.33375
EVERYTIME,-9.93407,-10.47754
URGE,-11.37048,-11.7599
NOTHIN,-10.33335,-11.29007
PICKED,-9.99242,-11.09085
BOO,-8.46633,-8.79514
SAIR,-9.40235,-9.71666
OKEH,-10.23838,-12.56854
BOS,-10.03853,-11.4235
OKEE,-9.16923,-11.57869
FEMALES,-11.32014,-13.10714
SAID,-7.62329,-8.56247
SERVICES,-11.48199,-12.50546
TQM,-10.88754,-12.62428
BUITEN,-11.38752,-12.2063
9PM,-11.46573,-12.43137
SAIA,-11.1829,-11.61754
POBRE,-11.78384,-10.34233
GLASS,-10.02737,-11.17363
OKAY,-7.01881,-8.56829
PLAYERS,-10.83052,-12.12756
HELPED,-10.06905,-11.9591
SEMUANYA,-9.50696,-10.86775
TNX,-10.46194,-13.38363
PUPPY,-10.10015,-10.47916
FEED,-10.44078,-11.04988
GRACIAS,-7.25379,-9.97707
RANDOMLY,-10.89377,-11.82996
ADVICE,-9.86811,-11.62273
TOH,-9.97577,-10.93786
METAL,-11.0889,-12.01879
TOI,-9.9483,-11.56376
CONFIRM,-10.87114,-11.98066
FEET,-9.79019,-9.90426
TOE,-10.46202,-10.70367
CLARO,-9.37701,-10.61483
HOORAY,-10.92405,-13.13628
FEEL,-7.04362,-6.97223
12TH,-11.26988,-12.57597
WORKOUT,-9.55044,-11.26488
TOY,-9.77823,-10.04873
IDEA,-8.49551,-9.31784
BRO,-8.07696,-9.62382
TOS,-11.4854,-11.86034
HIGHLY,-10.83168,-12.27114
TOU,-11.40302,-11.6634
KEYS,-10.98366,-11.44481
TAPE,-11.14893,-12.05656
BRG,-10.8145,-11.42099
TOK,-11.17005,-11.61051
TOL,-11.57176,-11.70397
IDEE,-11.40438,-12.53738
TOM,-9.5775,-10.62213
NAMANYA,-9.87306,-11.0797
BRB,-9.83818,-12.04459
DENOVO,-11.63975,-11.84463
BACON,-9.92615,-11.39311
HABIA,-10.70752,-10.84479
MIMIMI,-14.35933,-10.63735
PIECE,-9.97634,-10.89471
LOOKIN,-9.62412,-11.17426
JANGAN,-8.30398,-8.8807
.!!!,-10.87575,-11.84182
SYP,-11.12802,-11.92042
KOREAN,-10.72405,-11.89589
HABIS,-10.15022,-10.38224
SAMA-SAMA,-9.4989,-13.69558
FOOT,-10.34155,-10.35255
EXCEPT,-9.74481,-10.04206
OKOK,-10.12018,-12.36508
SYG,-8.35739,-9.19008
ODEIO,-11.25444,-10.57256
DEIXOU,-12.55057,-11.26587
SYA,-10.14026,-10.85554
TWEETERS,-10.05689,-12.43158
FOOD,-8.01294,-8.93866
PRESENTS,-11.17648,-12.82508
DAGJE,-11.11092,-12.51864
PRESENTE,-11.31349,-12.50828
HAPPIER,-10.27127,-12.73655
POUCO,-9.3129,-10.52625
FONE,-10.95024,-11.12358
REVISING,-11.89799,-11.21437
BEGADANG,-11.52696,-12.05355
SCHON,-10.69344,-12.07143
KESANA,-10.87528,-11.18415
7PM,-11.42021,-12.51161
CUZ,-8.41348,-8.97217
REVISION,-11.11957,-10.47104
CUY,-11.4321,-12.26227
BANGGA,-10.9146,-13.05131
FULLY,-10.73837,-11.44781
BATTERY,-10.98203,-10.23558
FOME,-11.52276,-10.40269
CUS,-10.39187,-11.05301
AWHILE,-10.1532,-11.23924
GOOGLE,-9.54921,-10.63921
CUP,-9.168,-10.07384
GENERAL,-10.55208,-11.64282
FAIRLY,-11.43881,-13.04044
CUM,-10.78929,-11.70325
VOCES,-11.66878,-12.23762
BILLY,-11.17474,-12.34946
CUD,-11.1945,-11.5082
BILLS,-11.3973,-11.71662
FOLL,-10.6266,-14.19841
INGLES,-11.14906,-11.69454
SUX,-12.68774,-11.22109
TARDES,-10.4114,-13.04957
RIDING,-10.33802,-11.60685
PLAYA,-10.04776,-10.22702
CHICAGO,-9.94935,-11.02613
BACKK,-10.82763,-12.45793
SUE,-11.49841,-12.33074
TABLE,-10.30039,-11.38385
SUB,-10.92365,-12.20555
KELUAR,-10.14988,-10.1516
SUM,-9.55373,-10.74612
PLAYS,-10.69193,-12.27136
ESPERAR,-10.50301,-11.07334
MAMPIR,-10.80497,-12.2921
SUP,-10.54144,-12.34189
GETTING,-7.11915,-7.88776
SUN,-8.63842,-9.54782
MASSA,-11.19678,-12.40012
PLAZA,-10.69997,-12.26069
BEYOND,-10.21487,-11.31931
WONDERING,-9.62096,-10.49951
MIXED,-10.98547,-11.99375
STA,-10.63049,-11.00401
PLUS,-8.93825,-9.78832
WAKTUNYA,-10.15033,-11.97298
BLASTING,-10.92987,-12.92562
FORM,-10.32084,-11.2471
FORT,-11.39098,-12.58378
STO,-11.15119,-12.21942
GRILLED,-11.18844,-12.87138
CHOOSE,-10.01541,-11.36994
SEBENERNYA,-11.47403,-11.47878
DETAILS,-10.10701,-12.33696
TEACHERS,-11.25922,-12.0459
WALMART,-10.75916,-12.26196
HABLA,-11.51014,-11.57072
FOREST,-11.08412,-13.09047
7TH,-10.78712,-11.75228
UBER,-10.8377,-11.48327
MANAGEMENT,-11.41007,-12.20795
SIGNING,-10.20599,-11.24794
DOORS,-11.25215,-12.34339
REASON,-8.87222,-9.7107
HABLO,-11.42981,-11.77386
ALREADY,-7.6043,-8.07965
SOUNDS,-7.78193,-9.60189
MAAKT,-11.78951,-12.55084
CYA,-11.09402,-12.71805
DAH,-8.15302,-8.71846
KALAU,-9.40018,-10.43677
DAI,-10.82472,-11.39053
DAK,-10.91981,-10.65279
TADI,-8.65055,-8.93951
DAD,-8.23753,-9.02088
TRABAJANDO,-11.47692,-11.47696
DIFFERENT,-9.05517,-10.23899
DAW,-10.84666,-11.85019
DAY,-5.60124,-6.88708
PLIS,-10.44998,-10.58948
DAM,-10.87364,-11.01631
PINCHE,-12.23665,-11.58327
DAR,-9.58335,-10.02904
TAX,-11.20529,-11.79093
PLANE,-10.34438,-11.01007
TAU,-7.82212,-8.29206
FOLBACK,-8.03467,-11.71072
TACO,-10.27691,-11.52604
TALENTED,-9.81838,-12.57725
CONNECT,-11.27707,-11.8612
RESPONDE,-11.84324,-11.03539
TAP,-11.298,-12.25741
FAMILIA,-9.4202,-11.00124
TEMPAT,-10.27065,-11.07731
TAM,-10.91803,-12.17354
TAS,-10.33577,-10.94934
TAT,-10.75466,-11.85394
PUDDING,-11.33623,-12.76192
TAR,-9.81784,-10.65714
TBH,-10.58193,-11.24897
TBM,-9.57745,-9.95245
SMELL,-9.59239,-10.66078
KALAH,-9.94638,-9.99665
LIGGEN,-11.19024,-12.05659
GABISA,-10.62457,-9.7432
SURPRISED,-10.15123,-11.77186
ABSEN,-11.24368,-11.6398
ESTO,-10.04211,-10.02898
SECOND,-8.87331,-9.92863
CLOUDS,-11.19315,-12.31505
FOUR,-9.65887,-10.75418
TDR,-10.19697,-10.23005
ANSWER,-9.24185,-9.86586
ITTT,-10.91,-12.30822
DEKAT,-11.20403,-12.37139
TEN,-10.15165,-11.12189
PLANT,-11.85804,-12.51088
PLANS,-9.22902,-9.89766
HATI2,-10.55617,-12.28786
TEL,-11.4878,-12.29188
POLICE,-11.25118,-11.74674
TEE,-10.32564,-11.62669
TEH,-8.96989,-9.93463
BIER,-11.87327,-13.08593
TEA,-8.65423,-10.01223
CALOR,-10.9516,-10.84781
UNICA,-11.61877,-11.66476
COMPLETELY,-9.89843,-10.34744
FOTO,-8.66155,-9.56986
DOWNLOAD,-9.46235,-10.21858
ACTOR,-10.75715,-12.616
CLOUDY,-11.4923,-11.72227
UNICO,-11.16379,-11.26269
TDK,-9.98911,-10.52496
LIKELY,-10.68895,-11.65905
TDI,-10.47315,-10.72911
CALON,-10.98851,-12.67112
DEA,-11.19868,-12.32567
FINALS,-10.59143,-10.82174
JUJUR,-10.85407,-11.3916
DEE,-10.08978,-11.13499
BIKE,-10.03834,-10.80544
FORWARD,-8.06576,-9.52768
DEF,-9.24711,-10.5828
DEG,-11.00517,-11.757
COISAS,-10.33431,-10.89675
DEH,-7.28525,-7.79614
DEI,-11.45205,-12.1162
PREFER,-9.9798,-11.83791
DEK,-8.16046,-9.66393
HABER,-10.57604,-11.01051
PLNG,-11.42512,-11.82346
FINALE,-10.84792,-10.94128
METRO,-10.781,-11.81714
DEV,-10.9321,-12.1261
DEU,-10.67287,-10.05325
EXTRA,-9.39091,-10.35171
DEW,-11.30703,-12.16445
BILA,-10.73124,-11.63577
DEY,-10.78038,-11.4077
JAMMING,-11.0543,-13.90812
MOSTLY,-10.38968,-11.54749
RICHTING,-10.90189,-12.40681
DDE,-11.0077,-12.66235
GARAGE,-11.4497,-12.08504
NOTHING,-7.85717,-8.4833
BLESSED,-8.87571,-12.83935
BANGET,-8.17166,-8.00463
MUJER,-10.63151,-11.67588
KEBANGUN,-12.18237,-11.0988
BATMAN,-11.56311,-12.50854
STEEDS,-11.15035,-10.79358
PROJECTS,-10.91573,-11.74598
NOKIA,-11.14023,-12.07684
TRAINING,-9.58786,-10.67915
KNICKS,-11.53075,-12.86906
STROKES,-11.44472,-13.20667
THANKYOUU,-10.66209,-14.58949
ESPN,-11.39525,-12.55817
TAB,-11.50114,-12.62832
TAD,-11.23494,-12.30944
PRAIA,-10.16477,-10.68253
TAG,-9.68934,-11.14065
TAH,-10.52447,-10.82845
USTREAM,-11.02878,-12.00876
ADVANCE,-10.89396,-12.90501
DOAKAN,-10.04564,-12.43324
PLATE,-11.08067,-12.14728
MASIH,-8.17079,-8.58355
THOUGH,-7.24691,-7.77659
MAACI,-10.3154,-13.24123
ESOK,-10.93402,-11.98414
KEEP,-7.31793,-8.69537
KEER,-10.63602,-11.61354
PREMIOS,-11.06959,-12.35993
KEPIKIRAN,-12.29039,-11.2172
ESOS,-10.76241,-11.21808
HATER,-11.14402,-12.61405
WINDOW,-10.23651,-10.7434
PLACES,-10.17907,-11.04747
HEYY,-8.93434,-11.36239
LANDED,-10.77573,-12.20119
ROYAL,-11.19475,-12.5814
RELEASED,-10.81207,-12.11797
GUTE,-10.72509,-13.36293
STALKER,-11.18461,-12.09218
CAREER,-10.80589,-12.17648
SHO,-11.17539,-12.23721
LETTER,-10.32518,-11.51063
I'MA,-10.95951,-12.22854
SHA,-10.96128,-11.58246
NIGHTY,-10.39863,-12.8712
!...,-9.96247,-10.81688
MANGGIL,-11.28153,-12.61862
SGT,-11.28598,-11.82503
READY,-7.35843,-8.78179
SIT,-9.59069,-10.28755
SIS,-8.45029,-9.8163
CHA,-9.67211,-10.70271
BOOKED,-10.29567,-11.46719
SIR,-9.17824,-11.3722
KESEPIAN,-12.24626,-11.3355
SIP,-8.50172,-11.00868
BABYSITTING,-10.61792,-11.68831
CARDIFF,-11.378,-12.48538
SII,-9.13429,-9.70113
SIH,-8.26883,-8.19115
NIGHTS,-9.34223,-10.16267
BADAN,-10.16955,-9.27293
HANGOVER,-10.16161,-10.56294
GMANA,-10.71313,-11.08309
ABRAZO,-10.14106,-11.61464
SHIRTS,-10.73617,-11.95352
UANG,-10.73567,-10.72419
GADA,-11.2607,-10.53948
AMAZON,-11.18989,-12.08101
SIX,-10.42945,-11.26305
EVENTS,-10.85781,-11.91827
SKR,-11.14113,-11.80998
SKT,-11.63883,-10.86635
SERVICE,-9.60519,-10.48527
TRIP,-8.3729,-9.73125
CERITANYA,-11.57395,-11.88219
SKI,-11.54715,-12.67682
GURU,-10.64758,-11.58418
ICED,-11.4201,-12.78388
CEL,-10.19513,-10.05754
CEK,-9.72234,-11.55829
GURL,-10.58516,-12.06543
ROOMIE,-11.10726,-12.4639
SKG,-10.33863,-11.18095
EXERCISE,-10.87985,-12.00444
8AM,-11.46674,-11.61375
MELBOURNE,-10.8803,-11.67584
CITA,-10.73963,-11.0847
SDH,-9.61019,-10.63271
NAMORADO,-11.78526,-11.2389
AUDIO,-11.42539,-12.00339
MAKANYA,-10.32192,-10.37111
TOAST,-10.05795,-11.44371
SABADO,-9.77828,-10.50435
PLAIN,-11.18266,-12.10365
GERMANY,-10.50759,-11.48859
AFTERWARDS,-11.12922,-12.44912
ZEGGEN,-11.34815,-12.41915
LIBRARY,-10.22142,-10.65634
FORREAL,-11.36118,-12.20792
COUCH,-10.17297,-11.06973
POSITION,-11.29554,-12.10073
SEH,-11.35871,-11.33182
HAWAII,-11.07592,-12.01147
SEC,-11.14033,-12.26765
SEL,-11.31257,-12.13105
CIUM,-11.39485,-12.18066
SEK,-11.17784,-11.69179
CITY,-8.59394,-9.96512
WAAAY,-11.34736,-11.61923
GUMP,-11.02074,-13.11435
DULCE,-11.13417,-12.34349
ICHA,-10.74987,-12.33039
CIE,-9.89158,-11.21346
SET,-8.83019,-10.0137
DEPENDS,-10.53827,-12.34484
GRAZIE,-10.35661,-14.34118
SPEAK,-9.37315,-10.65867
RUGBY,-10.99724,-12.15203
UNION,-11.69514,-12.725
KARENA,-9.71656,-10.79627
CREATING,-11.34412,-13.02299
MASAK,-10.40514,-11.10255
ICIN,-10.84351,-12.94693
COULD'VE,-11.94257,-11.40419
CALLE,-11.11238,-11.80696
WAAAH,-10.84145,-10.30239
GUNA,-11.21672,-11.70845
DEKET,-10.56346,-11.20302
CIK,-11.28973,-12.33126
CALLS,-9.94925,-10.67539
CIN,-11.01998,-11.81036
DEIXAR,-10.91734,-11.48898
OLHA,-11.08209,-11.76925
CNT,-10.44579,-10.45623
SOZINHA,-12.55475,-10.75526
SPA,-10.09687,-11.46547
SUPERMAN,-11.31744,-12.48062
SIMPLY,-10.21168,-12.16634
MAKEUP,-10.17627,-11.60755
COK,-9.61136,-11.07663
COD,-10.99948,-12.21744
SETUJU,-9.98154,-12.0687
SENENG,-9.06663,-10.68763
EXAMS,-10.08348,-9.90978
COY,-11.40903,-12.20401
COZ,-9.61899,-10.08941
COW,-11.21336,-11.89542
JAMMER,-11.66156,-10.31756
COP,-11.36405,-12.61509
COS,-9.50697,-9.7112
LIVE,-7.76264,-8.838
KEVIN,-10.1376,-11.35786
RATHER,-9.28678,-10.01979
CERTAINLY,-10.31254,-12.14249
POURING,-11.52813,-11.5356
SOZINHO,-12.78075,-11.80948
BATERIA,-12.31093,-11.0479
SOALNYA,-9.86947,-10.22728
LISA,-10.60683,-11.98194
TRISTEZA,-12.53682,-11.03935
CINE,-10.21615,-11.09385
MARRY,-9.9503,-12.0176
SRY,-11.23922,-11.03583
CMG,-11.7521,-10.5001
EPISODE,-9.08111,-9.80216
JAMMIN,-10.86422,-13.48268
LIST,-8.91488,-10.33012
GMAIL,-11.59244,-12.2099
MIRA,-10.53157,-11.28827
CMA,-11.10502,-11.44611
DOONG,-10.14449,-11.04317
ADALAH,-9.46206,-11.01097
11TH,-11.31217,-12.54728
CMO,-11.21432,-11.79065
TIMELINE,-9.77468,-10.89803
POLISH,-10.81433,-12.11542
BIARIN,-11.19557,-11.77377
TERLALU,-10.27562,-10.6344
NGERTI,-10.09536,-10.32784
WEDDING,-8.94489,-10.67471
GAME,-7.56874,-8.6068
PARTYING,-10.7475,-11.66338
SIMPLE,-9.51747,-11.38361
SEGERA,-10.84164,-12.35068
MILK,-9.76155,-10.54293
GRANDPARENTS,-11.18162,-12.54467
SKY,-9.75157,-10.89404
SLH,-11.54714,-11.80172
Y'ALL,-9.11617,-10.80822
LIPS,-10.51227,-11.50227
ATLEAST,-10.14305,-11.03204
MILE,-10.69535,-12.0274
SLM,-10.41097,-13.26723
SECONDS,-10.60536,-11.22438
DISFRUTA,-10.94135,-13.1296
CSI,-10.94129,-12.29364
TEXTING,-9.82165,-10.86899
